Station,District,BuiltDate
301,종로구,2015-10-07
302,종로구,2015-10-07
303,종로구,2015-10-07
304,종로구,2021-01-26
305,종로구,2015-10-07
306,종로구,2015-10-07
307,종로구,2015-10-07
308,종로구,2021-01-26
309,종로구,2015-10-07
314,종로구,2015-10-07
316,종로구,2015-10-07
326,종로구,2015-10-07
327,종로구,2015-10-07
328,종로구,2015-10-07
329,종로구,2015-10-07
334,종로구,2015-10-07
335,종로구,2015-10-07
337,종로구,2015-10-07
338,종로구,2015-10-07
339,종로구,2015-10-07
340,종로구,2015-10-07
341,종로구,2015-10-07
342,종로구,2015-10-07
343,종로구,2021-01-08
344,종로구,2015-10-07
345,종로구,2015-10-07
348,종로구,2016-06-01
349,종로구,2016-06-01
351,종로구,2016-06-01
352,종로구,2016-06-01
353,종로구,2016-06-01
354,종로구,2016-06-01
355,종로구,2016-06-01
356,종로구,2016-06-01
358,종로구,2016-06-01
359,종로구,2016-06-01
361,종로구,2016-06-01
362,종로구,2016-06-01
363,종로구,2016-06-01
364,종로구,2016-06-01
367,종로구,2016-06-01
368,종로구,2016-06-01
369,종로구,2016-06-01
385,종로구,2016-07-06
388,종로구,2016-09-02
393,종로구,2018-01-26
394,종로구,2020-10-06
395,종로구,2018-01-26
397,종로구,2018-04-30
446,종로구,2017-08-01
447,종로구,2020-10-29
449,종로구,2017-08-01
450,종로구,2017-09-07
451,종로구,2017-09-07
452,종로구,2018-10-23
453,종로구,2018-08-31
454,종로구,2018-08-31
455,종로구,2018-08-30
456,종로구,2018-08-30
457,종로구,2018-08-30
458,종로구,2018-08-31
461,종로구,2018-10-29
462,종로구,2019-06-20
464,종로구,2019-08-16
465,종로구,2019-11-20
486,종로구,2020-03-11
3401,종로구,2020-06-11
3402,종로구,2020-04-19
3403,종로구,2020-02-26
3404,종로구,2020-02-03
3405,종로구,2020-02-11
3406,종로구,2020-05-08
3407,종로구,2020-02-10
3408,종로구,2020-02-10
3410,종로구,2020-02-11
3411,종로구,2020-02-10
3412,종로구,2020-02-11
3413,종로구,2020-02-04
3414,종로구,2020-02-11
3415,종로구,2020-02-26
3416,종로구,2020-02-04
3417,종로구,2020-02-03
3418,종로구,2020-02-03
3419,종로구,2020-02-10
3420,종로구,2020-02-04
3421,종로구,2020-02-04
3422,종로구,2020-02-04
3423,종로구,2020-02-04
3425,종로구,2020-05-04
3426,종로구,2020-02-11
3427,종로구,2020-02-13
3428,종로구,2020-02-13
3429,종로구,2020-02-13
3430,종로구,2020-02-13
3431,종로구,2020-02-13
3432,종로구,2020-02-10
4702,종로구,2020-07-21
4710,종로구,2020-11-05
4711,종로구,2020-09-10
300,중구,2015-10-07
310,중구,2015-10-07
311,중구,2015-10-07
312,중구,2015-10-07
318,중구,2015-10-07
320,중구,2015-10-07
321,중구,2015-10-07
322,중구,2015-10-07
324,중구,2015-10-07
331,중구,2020-07-28
332,중구,2015-10-07
336,중구,2015-10-07
346,중구,2015-10-07
347,중구,2015-10-07
370,중구,2016-06-15
371,중구,2016-06-15
372,중구,2016-06-15
373,중구,2016-06-15
374,중구,2016-06-15
375,중구,2016-06-15
378,중구,2016-06-15
379,중구,2016-06-15
380,중구,2016-06-15
381,중구,2016-06-15
382,중구,2016-06-15
383,중구,2016-06-15
384,중구,2016-06-15
387,중구,2016-07-06
389,중구,2017-08-03
390,중구,2017-08-03
391,중구,2017-09-04
398,중구,2018-10-26
399,중구,2018-10-12
428,중구,2018-10-22
429,중구,2018-10-22
430,중구,2018-11-02
431,중구,2020-09-24
433,중구,2018-12-14
434,중구,2018-12-06
435,중구,2018-12-06
826,중구,2017-08-03
441,중구,2020-01-31
442,중구,2020-02-03
443,중구,2020-01-31
444,중구,2020-02-03
445,중구,2020-01-31
466,중구,2020-02-28
467,중구,2020-01-31
468,중구,2020-01-31
469,중구,2020-01-31
470,중구,2020-01-31
471,중구,2020-01-31
472,중구,2020-01-30
473,중구,2020-03-01
474,중구,2020-01-29
475,중구,2020-01-29
476,중구,2020-01-29
477,중구,2020-01-30
479,중구,2020-01-30
480,중구,2020-01-30
481,중구,2020-01-29
482,중구,2020-01-29
483,중구,2020-01-29
484,중구,2020-02-13
485,중구,2020-02-03
3013,중구,2020-06-30
4761,중구,2020-10-19
4762,중구,2020-09-23
4772,중구,2020-10-05
4774,중구,2020-09-23
4775,중구,2020-09-24
4776,중구,2020-10-19
4778,중구,2020-10-19
4784,중구,2020-10-19
4785,중구,2020-10-19
4791,중구,2020-10-19
800,용산구,2016-06-29
802,용산구,2016-06-29
803,용산구,2016-06-29
805,용산구,2016-06-29
806,용산구,2016-06-29
807,용산구,2016-06-29
808,용산구,2016-06-29
809,용산구,2016-06-29
810,용산구,2016-06-29
811,용산구,2016-06-29
812,용산구,2016-06-29
813,용산구,2016-06-29
815,용산구,2016-06-29
816,용산구,2016-07-06
817,용산구,2016-07-06
818,용산구,2016-07-06
819,용산구,2016-07-06
820,용산구,2016-07-06
822,용산구,2016-07-06
823,용산구,2016-07-06
825,용산구,2016-07-06
827,용산구,2017-11-28
828,용산구,2017-11-28
829,용산구,2017-11-28
830,용산구,2017-11-28
831,용산구,2017-11-28
832,용산구,2017-12-22
834,용산구,2017-12-22
835,용산구,2017-12-22
836,용산구,2017-12-22
837,용산구,2017-12-22
838,용산구,2018-12-14
839,용산구,2018-12-14
840,용산구,2018-10-14
841,용산구,2018-10-12
843,용산구,2018-10-07
844,용산구,2018-10-19
845,용산구,2018-09-09
846,용산구,2018-12-14
847,용산구,2020-03-28
848,용산구,2020-03-28
849,용산구,2020-03-30
850,용산구,2020-03-28
851,용산구,2020-03-28
852,용산구,2020-03-28
853,용산구,2020-04-07
854,용산구,2020-04-05
855,용산구,2020-04-07
857,용산구,2020-04-07
858,용산구,2020-04-07
859,용산구,2020-04-05
860,용산구,2020-04-07
863,용산구,2020-04-07
864,용산구,2020-04-05
865,용산구,2020-04-05
866,용산구,2020-03-30
867,용산구,2020-04-07
868,용산구,2020-03-28
869,용산구,2020-04-03
870,용산구,2020-04-03
4602,용산구,2020-10-29
4604,용산구,2020-10-30
4605,용산구,2020-10-30
4616,용산구,2020-10-30
4617,용산구,2020-10-30
4618,용산구,2020-10-30
4627,용산구,2020-10-29
3511,성동구,2017-11-01
3513,성동구,2017-11-01
3514,성동구,2017-11-01
3515,성동구,2017-11-01
3525,성동구,2018-10-24
3527,성동구,2018-10-24
3530,성동구,2018-10-24
3531,성동구,2018-10-24
3532,성동구,2018-10-24
3538,성동구,2018-10-29
506,성동구,2015-10-07
507,성동구,2015-10-07
508,성동구,2015-10-07
509,성동구,2015-10-07
510,성동구,2015-10-07
511,성동구,2015-10-07
512,성동구,2015-10-07
513,성동구,2015-10-07
514,성동구,2015-10-07
518,성동구,2016-06-29
519,성동구,2016-06-29
520,성동구,2016-06-29
521,성동구,2016-06-29
522,성동구,2016-06-29
523,성동구,2016-06-29
524,성동구,2016-06-29
525,성동구,2016-06-29
526,성동구,2016-06-29
529,성동구,2016-06-29
530,성동구,2016-06-29
533,성동구,2016-06-29
534,성동구,2016-06-29
535,성동구,2016-06-29
536,성동구,2016-06-29
537,성동구,2016-06-29
538,성동구,2016-06-29
550,성동구,2021-01-25
556,성동구,2016-07-06
557,성동구,2016-07-06
558,성동구,2016-07-06
559,성동구,2016-07-06
560,성동구,2016-07-06
561,성동구,2016-07-06
562,성동구,2016-07-06
563,성동구,2016-07-06
564,성동구,2016-07-06
565,성동구,2016-07-06
567,성동구,2016-07-06
568,성동구,2016-07-06
569,성동구,2016-07-06
578,성동구,2016-07-06
579,성동구,2016-07-06
581,성동구,2016-07-06
582,성동구,2016-07-06
583,성동구,2016-07-06
583,성동구,2020-06-30
585,성동구,2016-09-02
586,성동구,2016-09-02
587,성동구,2016-09-20
589,성동구,2017-04-19
594,성동구,2017-08-28
3544,성동구,2020-04-13
3545,성동구,2020-04-13
3547,성동구,2020-04-14
3548,성동구,2020-06-05
3549,성동구,2020-05-11
3550,성동구,2020-04-16
3551,성동구,2020-04-14
3552,성동구,2020-04-13
3553,성동구,2020-04-14
3555,성동구,2020-04-14
3556,성동구,2020-04-15
3557,성동구,2020-04-13
3558,성동구,2020-04-14
3559,성동구,2020-04-13
3560,성동구,2020-04-14
3561,성동구,2020-04-14
3600,성동구,2020-07-03
4353,성동구,2020-11-03
4360,성동구,2020-11-03
4362,성동구,2020-11-03
3500,광진구,2017-11-01
3501,광진구,2017-11-01
3502,광진구,2017-11-01
3503,광진구,2017-11-01
3504,광진구,2017-11-01
3505,광진구,2017-11-01
3506,광진구,2017-11-01
3507,광진구,2017-11-01
3508,광진구,2017-11-01
3509,광진구,2020-09-24
3510,광진구,2018-03-23
3516,광진구,2017-11-28
3517,광진구,2017-11-28
3518,광진구,2017-11-28
3520,광진구,2018-02-26
3521,광진구,2018-02-26
3523,광진구,2018-04-16
3524,광진구,2018-04-09
3528,광진구,2018-10-29
3529,광진구,2018-10-31
3533,광진구,2018-10-29
3534,광진구,2018-10-29
3535,광진구,2018-10-29
3536,광진구,2018-10-29
3537,광진구,2018-10-29
3541,광진구,2018-11-14
3542,광진구,2018-11-14
500,광진구,2015-10-07
501,광진구,2015-10-07
502,광진구,2015-10-07
505,광진구,2015-10-07
515,광진구,2015-10-07
516,광진구,2015-10-07
539,광진구,2016-06-29
540,광진구,2016-06-29
542,광진구,2016-06-29
543,광진구,2020-09-02
544,광진구,2016-06-29
546,광진구,2016-06-29
548,광진구,2016-06-29
549,광진구,2016-06-29
551,광진구,2016-07-06
552,광진구,2016-07-06
553,광진구,2016-07-06
555,광진구,2016-07-06
571,광진구,2016-07-06
572,광진구,2016-07-06
573,광진구,2016-07-06
574,광진구,2016-07-06
575,광진구,2016-07-06
576,광진구,2016-07-06
577,광진구,2016-07-06
584,광진구,2016-09-02
588,광진구,
590,광진구,2017-08-30
591,광진구,2017-08-30
592,광진구,2017-08-30
593,광진구,2020-09-24
3543,광진구,2019-12-16
3563,광진구,2020-06-09
3564,광진구,2020-04-14
3566,광진구,2020-04-14
3569,광진구,2020-05-07
3570,광진구,2020-04-14
3571,광진구,2020-04-13
3573,광진구,2020-04-13
3575,광진구,2020-04-14
3578,광진구,2020-04-14
3579,광진구,2020-04-13
3581,광진구,2020-04-16
3582,광진구,2020-04-13
3586,광진구,2020-04-14
3587,광진구,2020-05-07
3588,광진구,2020-05-07
600,동대문구,2016-06-29
601,동대문구,2016-06-29
602,동대문구,2016-06-29
604,동대문구,2016-06-29
605,동대문구,2016-06-29
606,동대문구,2016-06-29
607,동대문구,2016-06-29
608,동대문구,2016-06-29
609,동대문구,2016-06-29
610,동대문구,2016-06-29
612,동대문구,2016-06-29
613,동대문구,2016-06-29
614,동대문구,2016-06-29
615,동대문구,2016-06-29
616,동대문구,2016-06-29
617,동대문구,2016-06-29
621,동대문구,2016-07-06
622,동대문구,2016-07-06
623,동대문구,2016-07-06
624,동대문구,2016-07-06
625,동대문구,2016-07-06
626,동대문구,2016-07-06
627,동대문구,2016-07-06
628,동대문구,2016-07-06
630,동대문구,2016-07-06
631,동대문구,2016-07-06
633,동대문구,2016-07-06
634,동대문구,2016-07-06
635,동대문구,2016-07-06
636,동대문구,2016-07-06
637,동대문구,2016-07-06
638,동대문구,2016-07-06
639,동대문구,2016-07-06
640,동대문구,2016-07-06
641,동대문구,2016-07-06
642,동대문구,2020-06-18
643,동대문구,2016-07-06
646,동대문구,2017-11-28
647,동대문구,2017-11-28
648,동대문구,2017-11-28
650,동대문구,2017-11-28
652,동대문구,2018-11-04
654,동대문구,2017-11-28
656,동대문구,2018-10-22
657,동대문구,2018-10-22
658,동대문구,2018-10-22
659,동대문구,2018-10-22
660,동대문구,2018-10-22
661,동대문구,2018-08-30
663,동대문구,2018-12-14
664,동대문구,2019-11-20
665,동대문구,2020-04-19
666,동대문구,2020-04-21
667,동대문구,2020-04-19
668,동대문구,2020-04-22
669,동대문구,2020-04-19
670,동대문구,2020-04-22
671,동대문구,2020-03-27
672,동대문구,2020-03-27
673,동대문구,2020-03-28
674,동대문구,2020-03-30
675,동대문구,2020-04-16
676,동대문구,2020-03-28
677,동대문구,2020-04-19
678,동대문구,2020-04-26
679,동대문구,2020-04-16
680,동대문구,2020-04-19
681,동대문구,2020-04-19
4102,동대문구,2020-09-18
4103,동대문구,2020-09-18
4104,동대문구,2020-09-18
4105,동대문구,2020-09-18
4107,동대문구,2020-09-18
4108,동대문구,2020-09-18
4110,동대문구,2020-09-21
4112,동대문구,2020-09-17
4113,동대문구,2020-09-17
4116,동대문구,2020-09-18
4117,동대문구,2020-09-21
4121,동대문구,2020-09-21
4122,동대문구,2020-09-21
4123,동대문구,2020-09-18
1401,중랑구,2017-04-26
1402,중랑구,2017-04-26
1403,중랑구,2017-04-26
1404,중랑구,2017-05-02
1405,중랑구,2017-04-26
1406,중랑구,2017-04-26
1407,중랑구,2017-06-22
1408,중랑구,2017-04-26
1410,중랑구,2017-04-26
1411,중랑구,2017-06-27
1412,중랑구,2017-04-26
1413,중랑구,2017-04-26
1414,중랑구,2017-06-22
1416,중랑구,2017-06-22
1418,중랑구,2017-04-26
1420,중랑구,2017-04-26
1421,중랑구,2017-04-26
1422,중랑구,2017-04-26
1424,중랑구,2017-04-26
1425,중랑구,2017-04-26
1426,중랑구,2017-04-26
1427,중랑구,2017-06-22
1428,중랑구,2017-06-22
1429,중랑구,2017-06-22
1430,중랑구,2017-06-22
1431,중랑구,2017-06-22
1433,중랑구,2017-06-22
1434,중랑구,2017-04-26
1435,중랑구,2017-04-26
1436,중랑구,2017-04-26
1437,중랑구,2017-04-26
1438,중랑구,2017-04-26
1440,중랑구,2017-08-01
1441,중랑구,2017-04-26
1442,중랑구,2017-11-01
1443,중랑구,2017-11-01
1444,중랑구,2017-11-01
1445,중랑구,2017-11-01
1446,중랑구,2017-11-01
1447,중랑구,2017-11-01
1448,중랑구,2017-11-01
1449,중랑구,2017-11-28
1450,중랑구,2017-11-28
1451,중랑구,2017-11-28
1452,중랑구,2017-11-29
1453,중랑구,2017-12-22
1454,중랑구,2017-12-22
1455,중랑구,2018-02-13
1456,중랑구,2018-02-26
1457,중랑구,2018-02-26
1458,중랑구,2018-11-02
1459,중랑구,2018-10-29
1461,중랑구,2020-04-21
1462,중랑구,2020-05-05
1463,중랑구,2020-04-30
1464,중랑구,2020-04-21
1465,중랑구,2020-04-14
1466,중랑구,2020-04-14
1467,중랑구,2020-04-14
1468,중랑구,2020-04-21
1469,중랑구,2020-04-21
1470,중랑구,2020-04-20
1471,중랑구,2020-06-18
1472,중랑구,2020-04-20
1473,중랑구,2020-04-21
1474,중랑구,2020-05-05
1477,중랑구,2020-04-14
1478,중랑구,2020-04-21
1479,중랑구,2020-04-14
1480,중랑구,2020-04-16
1302,성북구,2017-06-20
1303,성북구,2017-06-30
1304,성북구,2017-06-20
1305,성북구,2017-08-03
1306,성북구,2017-06-22
1308,성북구,2017-06-20
1314,성북구,2017-04-26
1315,성북구,2017-04-26
1316,성북구,2017-04-26
1318,성북구,2017-04-26
1319,성북구,2017-04-26
1320,성북구,2017-05-02
1321,성북구,2017-05-11
1322,성북구,2017-04-26
1323,성북구,2017-04-26
1325,성북구,2017-04-26
1326,성북구,2017-04-26
1327,성북구,2017-04-26
1328,성북구,2017-06-27
1332,성북구,2017-04-26
1333,성북구,2017-04-26
1334,성북구,2017-04-26
1336,성북구,2017-11-13
1337,성북구,2017-11-13
1338,성북구,2017-11-13
1339,성북구,2017-11-13
1340,성북구,2017-11-13
1342,성북구,2017-11-13
1343,성북구,2017-11-13
1344,성북구,2017-11-13
1346,성북구,2017-11-13
1347,성북구,2017-11-13
1348,성북구,2017-11-13
1349,성북구,2017-11-13
1351,성북구,2017-11-13
1352,성북구,2017-11-13
1353,성북구,2017-11-13
1354,성북구,2017-11-28
1355,성북구,2017-12-22
1357,성북구,2018-02-26
1358,성북구,2018-02-26
1359,성북구,2018-02-26
1360,성북구,2018-02-26
1361,성북구,2018-02-26
1362,성북구,2018-11-02
1363,성북구,2018-11-04
1364,성북구,2018-11-02
1365,성북구,2018-10-27
1366,성북구,2018-10-26
1367,성북구,2018-11-02
1368,성북구,2018-11-02
1369,성북구,2018-10-26
1370,성북구,2018-10-27
1372,성북구,2018-10-24
1373,성북구,2020-09-24
1375,성북구,2018-12-27
1376,성북구,2019-05-21
1377,성북구,2019-05-21
1379,성북구,2020-03-26
1380,성북구,2020-03-30
1381,성북구,2020-03-25
1382,성북구,2020-03-26
1384,성북구,2020-03-28
1385,성북구,2020-06-17
1386,성북구,2020-03-28
1388,성북구,2020-03-28
1390,성북구,2020-05-05
1391,성북구,2020-03-24
1392,성북구,2020-03-27
1393,성북구,2020-05-05
1394,성북구,2020-03-27
1395,성북구,2020-03-25
1396,성북구,2020-03-25
1501,강북구,2017-08-03
1503,강북구,2017-05-11
1504,강북구,2017-05-11
1506,강북구,2017-05-11
1509,강북구,2017-06-22
1510,강북구,2017-06-22
1511,강북구,2017-06-22
1512,강북구,2017-06-22
1513,강북구,2017-06-22
1514,강북구,2017-05-11
1515,강북구,2017-05-11
1516,강북구,2017-05-11
1518,강북구,2017-05-11
1519,강북구,2017-05-11
1520,강북구,2021-01-25
1522,강북구,2017-06-22
1525,강북구,2017-05-11
1526,강북구,2017-11-01
1527,강북구,2017-11-01
1528,강북구,2017-11-01
1529,강북구,2017-11-01
1530,강북구,2017-11-01
1531,강북구,2017-11-01
1532,강북구,2017-11-01
1533,강북구,2017-11-01
1534,강북구,2017-11-01
1535,강북구,2017-11-01
1536,강북구,2017-11-01
1537,강북구,2018-02-26
1538,강북구,2018-02-26
1539,강북구,2018-02-26
1540,강북구,2018-02-26
1541,강북구,2018-02-26
1542,강북구,2018-02-26
1543,강북구,2018-02-26
1545,강북구,2018-07-27
1546,강북구,2018-10-25
1547,강북구,2018-12-14
1548,강북구,2018-12-14
1550,강북구,2020-07-21
1551,강북구,2020-03-25
1552,강북구,2020-03-25
1553,강북구,2020-03-26
1554,강북구,2020-03-25
1557,강북구,2020-03-27
1558,강북구,2020-03-26
1560,강북구,2020-03-27
1564,강북구,2020-03-25
1565,강북구,2020-03-25
1568,강북구,2020-03-25
1569,강북구,2020-03-28
1571,강북구,2020-05-08
1572,강북구,2020-05-08
1573,강북구,2020-05-05
1574,강북구,2020-05-05
3703,강북구,2020-11-04
3707,강북구,2020-11-04
3711,강북구,2020-11-04
3714,강북구,2020-11-04
1702,도봉구,2017-05-08
1703,도봉구,2017-05-11
1705,도봉구,2017-05-08
1706,도봉구,2017-06-27
1707,도봉구,2017-05-08
1708,도봉구,2017-05-11
1709,도봉구,2017-05-08
1713,도봉구,2020-08-14
1714,도봉구,2017-11-01
1715,도봉구,2017-11-01
1716,도봉구,2017-11-01
1717,도봉구,2017-11-01
1719,도봉구,2017-11-01
1720,도봉구,2017-11-01
1721,도봉구,2017-11-01
1722,도봉구,2017-11-28
1723,도봉구,2017-11-28
1725,도봉구,2017-11-28
1726,도봉구,2017-11-28
1727,도봉구,2017-11-28
1728,도봉구,2018-07-02
1729,도봉구,2018-10-27
1730,도봉구,2018-10-27
1731,도봉구,2018-11-02
1732,도봉구,2018-10-27
1733,도봉구,2018-10-27
1734,도봉구,2018-10-27
1735,도봉구,2018-10-27
1736,도봉구,2018-10-27
1737,도봉구,2018-10-27
1738,도봉구,2018-12-14
1741,도봉구,2018-10-27
1742,도봉구,2018-12-14
1743,도봉구,2020-03-17
1744,도봉구,2020-03-21
1746,도봉구,2020-03-21
1748,도봉구,2020-03-21
1749,도봉구,2020-03-21
1750,도봉구,2020-03-23
1751,도봉구,2020-03-23
1752,도봉구,2020-03-17
1754,도봉구,2020-03-17
1756,도봉구,2020-03-17
1757,도봉구,2020-03-25
1758,도봉구,2020-03-25
1759,도봉구,2020-03-18
1761,도봉구,2020-03-21
1762,도봉구,2020-03-18
1765,도봉구,2020-03-18
1767,도봉구,2020-03-21
1768,도봉구,2020-03-21
1770,도봉구,2020-07-30
1771,도봉구,2020-03-18
1772,도봉구,2020-03-23
1774,도봉구,2020-03-17
1775,도봉구,2020-03-17
4076,도봉구,2020-12-23
1601,노원구,2017-05-08
1602,노원구,2017-06-27
1605,노원구,2017-06-22
1606,노원구,2017-05-08
1608,노원구,2017-05-26
1610,노원구,2017-05-08
1611,노원구,2017-05-08
1616,노원구,2017-05-08
1617,노원구,2017-05-08
1619,노원구,2017-05-26
1620,노원구,2017-06-22
1625,노원구,2017-06-27
1627,노원구,2020-12-31
1628,노원구,2017-06-22
1630,노원구,2020-09-02
1634,노원구,2017-05-08
1635,노원구,2017-05-08
1636,노원구,2017-05-08
1637,노원구,2017-05-08
1639,노원구,2017-05-08
1640,노원구,2017-08-31
1641,노원구,2017-08-30
1642,노원구,2017-08-23
1643,노원구,2017-11-01
1646,노원구,2017-11-01
1650,노원구,2017-11-01
1651,노원구,2017-11-01
1652,노원구,2017-11-01
1653,노원구,2017-11-01
1654,노원구,2017-11-01
1655,노원구,2017-11-01
1656,노원구,2017-11-01
1657,노원구,2017-11-01
1659,노원구,2017-11-01
1660,노원구,2017-11-01
1661,노원구,2017-11-28
1662,노원구,2017-11-28
1663,노원구,2017-11-28
1664,노원구,2017-11-28
1665,노원구,2017-11-28
1666,노원구,2017-11-28
1667,노원구,2017-11-28
1668,노원구,2017-11-28
1669,노원구,2017-11-28
1670,노원구,2017-11-28
1671,노원구,2017-11-28
1672,노원구,2017-11-28
1673,노원구,2017-11-28
1674,노원구,2017-11-28
1675,노원구,2017-12-22
1677,노원구,2017-12-22
1678,노원구,2018-02-26
1679,노원구,2018-02-26
1680,노원구,2018-02-26
1681,노원구,2018-03-15
1682,노원구,2018-03-15
1683,노원구,2018-10-27
1684,노원구,2018-10-27
1685,노원구,2018-10-27
1686,노원구,2018-11-02
1688,노원구,2018-11-02
1689,노원구,2018-11-02
1690,노원구,2018-11-02
1691,노원구,2018-11-02
1692,노원구,2018-12-14
1693,노원구,2019-03-29
1695,노원구,2020-06-17
1696,노원구,2020-03-21
1697,노원구,2020-03-23
1700,노원구,2020-03-23
2901,노원구,2020-03-24
2902,노원구,2020-03-24
2903,노원구,2020-03-24
2904,노원구,2020-03-24
2905,노원구,2020-03-26
2907,노원구,2020-03-24
2908,노원구,2020-03-24
2909,노원구,2020-03-25
2910,노원구,2020-03-25
2911,노원구,2020-03-23
2912,노원구,2020-03-23
2913,노원구,2020-03-23
2914,노원구,2020-06-10
2915,노원구,2020-03-24
2917,노원구,2020-03-30
2919,노원구,2020-03-23
2920,노원구,2020-03-23
2921,노원구,2020-03-26
900,은평구,2016-09-02
901,은평구,2016-09-02
902,은평구,2016-09-02
903,은평구,2016-09-02
904,은평구,2016-09-02
905,은평구,2020-12-12
906,은평구,2016-09-02
907,은평구,2016-09-02
908,은평구,2016-09-02
909,은평구,2016-09-02
911,은평구,2016-09-02
912,은평구,2016-09-02
913,은평구,2016-09-02
914,은평구,2016-09-02
915,은평구,2016-09-02
916,은평구,2016-09-02
917,은평구,2016-09-02
919,은평구,2016-09-02
921,은평구,2016-09-02
922,은평구,2016-09-02
923,은평구,2016-09-02
924,은평구,2016-09-02
925,은평구,2016-09-02
927,은평구,2016-09-02
928,은평구,2016-09-02
930,은평구,2016-09-02
931,은평구,2016-09-02
932,은평구,2016-09-02
933,은평구,2016-09-02
934,은평구,2017-11-01
937,은평구,2017-11-01
938,은평구,2017-11-01
939,은평구,2017-11-01
941,은평구,2017-11-01
942,은평구,2017-11-01
943,은평구,2017-11-01
945,은평구,2017-11-01
946,은평구,2018-05-30
947,은평구,2017-11-01
948,은평구,2017-11-01
949,은평구,2017-11-01
950,은평구,2017-11-01
952,은평구,2017-11-01
953,은평구,2017-11-01
954,은평구,2017-11-28
956,은평구,2017-11-28
958,은평구,2018-10-16
959,은평구,2018-10-18
960,은평구,2018-10-18
961,은평구,2018-10-18
962,은평구,2018-10-18
963,은평구,2018-10-16
964,은평구,2018-10-16
965,은평구,2018-10-16
966,은평구,2018-08-28
967,은평구,2018-08-29
968,은평구,2018-10-18
969,은평구,2018-12-14
971,은평구,2018-12-14
972,은평구,2019-06-14
973,은평구,2020-04-08
974,은평구,2020-04-09
975,은평구,2020-04-10
976,은평구,2020-04-09
977,은평구,2020-04-08
978,은평구,2020-04-09
979,은평구,2020-04-10
982,은평구,2020-04-10
984,은평구,2020-04-10
985,은평구,2020-04-10
989,은평구,2020-04-10
991,은평구,2020-04-06
992,은평구,2020-04-06
993,은평구,2020-04-08
994,은평구,2020-04-09
995,은평구,2020-04-08
996,은평구,2020-04-10
4652,은평구,2020-08-20
4653,은평구,2020-11-03
4654,은평구,2020-11-03
115,서대문구,2020-11-05
116,서대문구,2015-09-07
117,서대문구,2015-09-07
123,서대문구,2015-09-07
128,서대문구,2015-09-07
131,서대문구,2015-09-07
133,서대문구,2015-09-07
134,서대문구,2020-10-29
135,서대문구,2015-09-07
137,서대문구,2015-09-07
138,서대문구,2015-09-07
139,서대문구,2015-09-07
140,서대문구,2015-09-07
141,서대문구,2015-09-07
158,서대문구,2016-06-29
159,서대문구,2016-06-29
160,서대문구,2016-06-29
161,서대문구,2016-06-29
162,서대문구,2016-06-29
163,서대문구,2016-06-29
164,서대문구,2016-06-29
165,서대문구,2016-06-29
166,서대문구,2016-06-29
167,서대문구,2016-06-29
169,서대문구,2016-06-29
170,서대문구,2016-06-29
171,서대문구,2016-06-29
173,서대문구,2016-06-29
175,서대문구,2016-06-29
176,서대문구,2017-04-24
177,서대문구,2016-07-06
178,서대문구,2016-07-06
179,서대문구,2016-06-29
180,서대문구,2016-06-29
188,서대문구,2016-07-06
191,서대문구,2016-07-06
192,서대문구,2016-07-06
194,서대문구,2016-07-06
195,서대문구,2016-07-06
196,서대문구,2016-07-06
198,서대문구,2016-07-06
3100,서대문구,2017-11-01
3101,서대문구,2017-11-01
3102,서대문구,2017-11-01
3103,서대문구,2018-10-12
3104,서대문구,2018-10-12
3105,서대문구,2018-10-18
3106,서대문구,2018-11-21
3107,서대문구,2018-10-12
3109,서대문구,2020-04-09
3110,서대문구,2020-04-09
3111,서대문구,2020-04-10
3112,서대문구,2020-02-13
3113,서대문구,2020-02-11
3114,서대문구,2020-04-12
3115,서대문구,2020-05-12
3116,서대문구,2020-04-05
3117,서대문구,2020-04-12
3119,서대문구,2020-04-10
3120,서대문구,2020-04-08
3121,서대문구,2020-04-08
3122,서대문구,2020-04-08
3123,서대문구,2020-05-04
3124,서대문구,2020-04-08
3125,서대문구,2020-04-10
3126,서대문구,2020-04-08
3127,서대문구,2020-04-09
3128,서대문구,2020-04-10
3129,서대문구,2020-04-22
3130,서대문구,2020-05-04
3131,서대문구,2020-05-04
3132,서대문구,2020-04-09
3133,서대문구,2020-04-12
3134,서대문구,2020-04-12
101,마포구,2015-09-06
102,마포구,2015-09-06
103,마포구,2015-09-06
104,마포구,2015-09-06
105,마포구,2015-09-06
106,마포구,2015-09-06
107,마포구,2015-09-06
108,마포구,2015-09-06
109,마포구,2015-09-07
111,마포구,2015-09-07
112,마포구,2015-09-07
113,마포구,
114,마포구,2015-09-07
118,마포구,2015-09-07
119,마포구,2015-09-07
120,마포구,2015-09-07
121,마포구,2015-09-07
122,마포구,2015-09-07
124,마포구,2015-09-07
125,마포구,2015-09-07
126,마포구,2015-09-07
127,마포구,2015-09-07
129,마포구,2015-09-07
130,마포구,2015-09-07
136,마포구,2015-09-07
142,마포구,2016-06-29
143,마포구,2016-06-29
144,마포구,2016-06-29
145,마포구,2016-06-29
146,마포구,2016-06-29
147,마포구,2016-06-29
148,마포구,2016-06-29
150,마포구,2016-06-29
151,마포구,2016-06-29
152,마포구,2020-09-24
153,마포구,2016-06-29
154,마포구,2016-06-29
155,마포구,2016-06-29
156,마포구,2016-06-29
157,마포구,2016-06-29
181,마포구,2016-07-06
182,마포구,2016-07-06
183,마포구,2016-07-06
184,마포구,2016-07-06
185,마포구,2016-07-06
186,마포구,2016-07-06
199,마포구,2016-09-02
400,마포구,2015-10-07
401,마포구,2015-10-07
402,마포구,2015-10-07
403,마포구,2015-10-07
405,마포구,2015-10-07
406,마포구,2015-10-07
407,마포구,2015-10-07
408,마포구,2015-10-07
409,마포구,2015-10-07
410,마포구,2015-10-07
411,마포구,2015-10-07
412,마포구,2015-10-07
413,마포구,2015-10-07
414,마포구,2015-10-07
415,마포구,2015-10-07
416,마포구,2015-10-07
417,마포구,2015-10-07
418,마포구,2015-10-07
419,마포구,2015-10-07
420,마포구,2015-10-07
421,마포구,2015-10-07
422,마포구,2017-08-28
424,마포구,2017-11-01
425,마포구,2017-11-01
426,마포구,2018-07-04
427,마포구,2018-02-26
432,마포구,2018-10-12
436,마포구,2018-11-21
437,마포구,2018-12-04
438,마포구,2018-11-22
439,마포구,2018-12-06
440,마포구,2019-08-02
487,마포구,2020-04-03
489,마포구,2020-04-06
490,마포구,2020-04-06
491,마포구,2020-04-06
492,마포구,2020-06-03
493,마포구,2020-04-12
494,마포구,2020-09-16
495,마포구,2020-03-26
497,마포구,2020-04-06
498,마포구,2020-04-08
3002,마포구,2020-04-06
3003,마포구,2020-04-02
3005,마포구,2020-04-02
3006,마포구,2020-04-06
3007,마포구,2020-04-06
3008,마포구,2020-04-06
3009,마포구,2020-04-12
3010,마포구,2020-04-12
3011,마포구,2020-04-08
4202,마포구,2020-12-02
4205,마포구,2020-12-02
4206,마포구,2020-12-02
4210,마포구,2020-12-02
700,양천구,2016-06-29
701,양천구,2016-06-29
702,양천구,2016-06-29
703,양천구,2016-06-29
704,양천구,2016-06-29
706,양천구,2016-06-29
707,양천구,2016-06-29
708,양천구,2016-06-29
709,양천구,2016-06-29
710,양천구,2020-09-14
711,양천구,2016-06-29
712,양천구,2016-06-29
713,양천구,2016-06-29
714,양천구,2016-06-29
716,양천구,2016-07-06
719,양천구,2016-07-06
720,양천구,2016-07-06
722,양천구,2017-11-01
723,양천구,2017-11-01
724,양천구,2017-11-01
725,양천구,2017-11-01
726,양천구,2017-11-01
729,양천구,2017-11-01
731,양천구,2017-11-01
732,양천구,2017-11-01
733,양천구,2017-11-01
734,양천구,2017-11-01
735,양천구,2017-11-01
736,양천구,2017-11-01
737,양천구,2017-11-01
739,양천구,2017-11-01
740,양천구,2017-11-01
741,양천구,2017-11-01
742,양천구,2017-11-01
743,양천구,2017-11-01
744,양천구,2020-10-28
745,양천구,2017-11-01
746,양천구,2017-11-01
747,양천구,2017-11-01
748,양천구,2017-11-01
749,양천구,2018-07-04
750,양천구,2018-02-26
752,양천구,2018-02-26
754,양천구,2018-09-27
755,양천구,2018-09-27
756,양천구,2018-09-27
757,양천구,2018-09-27
758,양천구,2018-09-27
759,양천구,2018-09-20
760,양천구,2018-10-15
762,양천구,2018-09-27
763,양천구,2018-11-05
764,양천구,2018-10-26
765,양천구,2019-01-02
766,양천구,2019-03-12
767,양천구,2020-03-11
768,양천구,2020-03-12
769,양천구,2020-03-15
770,양천구,2020-03-13
771,양천구,2020-03-13
773,양천구,2020-03-16
774,양천구,2020-03-16
775,양천구,2020-03-16
776,양천구,2020-03-13
777,양천구,2020-03-11
779,양천구,2020-03-09
780,양천구,2020-03-11
781,양천구,2020-03-11
782,양천구,2020-03-15
785,양천구,2020-03-15
786,양천구,2020-03-18
787,양천구,2020-03-09
788,양천구,2020-03-06
790,양천구,2020-03-11
791,양천구,2020-03-13
792,양천구,2020-03-13
793,양천구,2020-03-12
794,양천구,2020-04-20
795,양천구,2020-04-20
796,양천구,2020-04-20
797,양천구,2020-04-20
1101,강서구,2017-04-24
1102,강서구,2017-04-24
1103,강서구,2017-06-22
1105,강서구,2017-04-24
1106,강서구,2017-06-20
1108,강서구,2017-04-24
1109,강서구,2017-04-24
1110,강서구,2017-06-20
1111,강서구,2017-04-24
1112,강서구,2017-04-24
1113,강서구,2017-04-24
1114,강서구,2017-04-24
1115,강서구,2017-06-22
1117,강서구,2017-06-22
1118,강서구,2017-04-24
1119,강서구,2017-04-24
1120,강서구,2017-04-24
1121,강서구,2017-04-24
1122,강서구,2017-04-24
1124,강서구,2020-12-11
1125,강서구,2017-06-22
1126,강서구,2017-04-24
1127,강서구,2017-04-24
1128,강서구,2017-06-20
1129,강서구,2017-04-24
1130,강서구,2017-04-24
1131,강서구,2017-04-24
1132,강서구,2017-04-24
1135,강서구,2017-04-24
1136,강서구,2017-04-24
1137,강서구,2017-04-24
1139,강서구,2017-04-24
1140,강서구,2017-04-24
1141,강서구,2017-04-24
1145,강서구,2017-04-24
1146,강서구,2017-04-24
1148,강서구,2017-04-24
1149,강서구,2017-08-31
1150,강서구,2017-11-01
1151,강서구,2017-11-01
1152,강서구,2017-11-01
1153,강서구,2017-11-01
1155,강서구,2017-11-01
1157,강서구,2017-11-01
1158,강서구,2017-11-28
1159,강서구,2017-11-28
1160,강서구,2020-12-31
1161,강서구,2017-11-28
1162,강서구,2017-11-28
1163,강서구,2017-11-28
1165,강서구,2017-12-08
1166,강서구,2017-12-22
1167,강서구,2017-12-22
1168,강서구,2018-02-26
1169,강서구,2018-10-04
1170,강서구,2018-10-04
1171,강서구,2018-10-04
1172,강서구,2018-10-04
1173,강서구,2018-10-04
1174,강서구,2018-10-04
1175,강서구,2018-10-04
1177,강서구,2018-10-04
1178,강서구,2018-10-10
1180,강서구,2018-10-04
1181,강서구,2018-10-10
1182,강서구,2018-10-10
1183,강서구,2018-10-30
1184,강서구,2018-10-10
1185,강서구,2018-10-10
1186,강서구,2018-10-10
1187,강서구,2018-12-14
1188,강서구,2018-11-20
1190,강서구,2018-11-20
1191,강서구,2018-11-20
1192,강서구,2018-11-26
1193,강서구,2018-11-20
1194,강서구,2018-11-20
1195,강서구,2018-11-20
1196,강서구,2018-11-20
1197,강서구,2018-11-20
1198,강서구,2018-11-20
1199,강서구,2018-12-04
1200,강서구,2018-12-14
2701,강서구,2018-11-14
2702,강서구,2018-11-14
2703,강서구,2020-03-16
2704,강서구,2020-03-16
2706,강서구,2020-03-20
2707,강서구,2020-03-20
2708,강서구,2020-03-20
2709,강서구,2020-03-16
2710,강서구,2020-03-20
2711,강서구,2020-03-18
2712,강서구,2020-03-17
2713,강서구,2020-03-17
2714,강서구,2020-03-17
2715,강서구,2020-05-27
2716,강서구,2020-03-13
2717,강서구,2020-03-15
2718,강서구,2020-03-17
2719,강서구,2020-03-16
2720,강서구,2020-03-16
2721,강서구,2020-03-15
2722,강서구,2020-03-15
2723,강서구,2020-03-16
2724,강서구,2020-03-20
2725,강서구,2020-03-12
2727,강서구,2020-03-15
2728,강서구,2020-03-12
2729,강서구,2020-03-13
2730,강서구,2020-03-15
2731,강서구,2020-03-16
2732,강서구,2020-03-17
2733,강서구,2020-03-20
2735,강서구,2020-03-13
2737,강서구,2020-03-21
2739,강서구,2020-03-17
2740,강서구,2020-03-20
2741,강서구,2020-03-17
2742,강서구,2020-03-17
2743,강서구,2020-06-01
2744,강서구,2020-05-27
2745,강서구,2020-05-28
2746,강서구,2020-06-18
3753,강서구,2020-11-09
3756,강서구,2020-11-09
3760,강서구,2020-11-23
3761,강서구,2020-11-11
3763,강서구,2020-11-11
3765,강서구,2020-11-11
3766,강서구,2020-11-24
3792,강서구,2020-12-21
3767,강서구,2020-11-11
3772,강서구,2020-11-09
3775,강서구,2020-11-10
3776,강서구,2020-11-09
3778,강서구,2020-11-09
3779,강서구,2020-11-24
3780,강서구,2020-11-11
3781,강서구,2020-11-10
3782,강서구,2020-11-10
3784,강서구,2020-11-10
3794,강서구,2020-12-21
3786,강서구,2020-12-21
3787,강서구,2020-11-10
3788,강서구,2020-11-10
3789,강서구,2020-11-11
3795,강서구,2020-12-21
3796,강서구,2020-12-21
3797,강서구,2020-11-02
3798,강서구,2020-11-02
3769,강서구,2020-12-24
1901,구로구,2017-05-11
1904,구로구,2017-05-11
1906,구로구,2017-05-11
1907,구로구,2017-05-11
1908,구로구,2017-05-11
1910,구로구,2017-05-11
1911,구로구,2017-05-11
1912,구로구,2017-05-11
1913,구로구,2017-05-11
1914,구로구,2017-06-27
1916,구로구,2017-05-11
1920,구로구,2017-05-11
1924,구로구,2017-05-11
1925,구로구,2017-06-27
1928,구로구,2017-05-11
1929,구로구,2017-05-11
1930,구로구,2017-05-11
1931,구로구,2017-06-27
1933,구로구,2017-05-11
1936,구로구,2017-06-22
1937,구로구,2017-05-11
1941,구로구,2017-06-22
1943,구로구,2017-06-22
1946,구로구,2017-06-22
1951,구로구,2017-06-22
1952,구로구,2017-06-22
1953,구로구,2017-06-22
1955,구로구,2017-07-27
1956,구로구,2017-11-13
1957,구로구,2017-11-13
1958,구로구,2017-11-13
1959,구로구,2017-11-13
1960,구로구,2017-11-13
1961,구로구,2017-11-13
1962,구로구,2017-11-13
1964,구로구,2017-11-13
1965,구로구,2017-11-13
1966,구로구,2017-11-13
1967,구로구,2017-11-13
1968,구로구,2017-11-13
1969,구로구,2017-11-13
1971,구로구,2017-11-13
1973,구로구,2017-11-13
1974,구로구,2017-11-13
1975,구로구,2017-11-13
1976,구로구,2017-11-13
1977,구로구,2017-11-13
1979,구로구,2017-11-13
1981,구로구,2017-11-13
1983,구로구,2017-11-28
1984,구로구,2017-11-28
1985,구로구,2017-11-28
1986,구로구,2018-09-28
1987,구로구,2018-10-15
1988,구로구,2018-09-19
1991,구로구,2018-09-19
1992,구로구,2018-11-30
1993,구로구,2018-09-19
1994,구로구,2018-09-19
1996,구로구,2018-10-31
1998,구로구,2018-11-26
1999,구로구,2019-03-12
2000,구로구,2019-03-12
2801,구로구,2019-07-18
2804,구로구,2020-03-03
2805,구로구,2020-02-27
2806,구로구,2020-02-27
2807,구로구,2020-02-28
2808,구로구,2020-02-28
2809,구로구,2020-03-02
2810,구로구,2020-03-02
2812,구로구,2020-03-02
2813,구로구,2020-03-03
2814,구로구,2020-03-03
2817,구로구,2020-02-27
2818,구로구,2020-02-27
2819,구로구,2020-02-27
2820,구로구,2020-03-03
2821,구로구,2020-03-09
2822,구로구,2020-03-09
2823,구로구,2020-03-09
2824,구로구,2020-03-04
2825,구로구,2020-03-03
2826,구로구,2020-03-03
2815,구로구,2020-03-02
2816,구로구,2020-03-02
3902,구로구,2020-11-02
3903,구로구,2020-11-02
3904,구로구,2020-11-02
3905,구로구,2020-11-02
3906,구로구,2020-11-02
1804,금천구,2017-05-08
1805,금천구,2017-05-08
1806,금천구,2017-05-08
1808,금천구,2017-05-08
1809,금천구,2017-05-08
1812,금천구,2017-05-08
1814,금천구,2017-05-08
1816,금천구,2017-05-08
1819,금천구,2017-05-10
1820,금천구,2017-05-08
1821,금천구,2017-05-08
1822,금천구,2017-05-08
1823,금천구,2017-05-08
1824,금천구,2017-05-08
1825,금천구,2020-10-28
1826,금천구,2017-05-08
1827,금천구,2017-05-11
1828,금천구,2017-05-08
1829,금천구,2017-05-08
1830,금천구,2017-05-08
1831,금천구,2017-05-08
1833,금천구,2017-05-08
1834,금천구,2017-05-08
1835,금천구,2017-05-08
1836,금천구,2017-05-11
1839,금천구,2017-11-01
1840,금천구,2017-11-01
1841,금천구,2017-11-01
1842,금천구,2017-11-01
1843,금천구,2017-11-01
1845,금천구,2017-11-01
1846,금천구,2017-11-01
1847,금천구,2017-11-01
1848,금천구,2017-11-01
1849,금천구,2017-11-28
1850,금천구,2017-11-28
1851,금천구,2018-02-26
1852,금천구,2018-10-15
1853,금천구,2018-10-15
1854,금천구,2018-10-01
1855,금천구,2018-10-01
1856,금천구,2018-09-13
1857,금천구,2020-09-24
1858,금천구,2018-10-15
1859,금천구,2019-03-12
1861,금천구,2020-02-24
1862,금천구,2020-02-24
1863,금천구,2020-02-24
1864,금천구,2020-02-26
1865,금천구,2020-02-24
1866,금천구,2020-02-26
1867,금천구,2020-02-26
1868,금천구,2020-02-24
1869,금천구,2020-02-26
1870,금천구,2020-02-26
200,영등포구,2015-09-11
201,영등포구,2015-09-11
202,영등포구,2015-09-11
203,영등포구,2015-09-17
204,영등포구,2015-09-17
205,영등포구,2015-09-17
206,영등포구,2015-09-17
207,영등포구,2015-09-17
209,영등포구,2015-09-17
210,영등포구,2015-09-17
211,영등포구,2015-09-17
212,영등포구,2015-09-17
213,영등포구,2015-09-17
214,영등포구,2015-09-17
215,영등포구,2015-09-17
217,영등포구,2015-09-17
218,영등포구,2015-09-17
219,영등포구,2015-09-17
220,영등포구,2015-09-17
221,영등포구,2015-09-17
222,영등포구,2020-09-24
223,영등포구,2015-09-17
224,영등포구,2015-09-17
225,영등포구,2015-09-17
226,영등포구,2015-09-17
227,영등포구,2016-06-29
228,영등포구,2016-06-29
229,영등포구,2016-06-29
230,영등포구,2016-07-06
231,영등포구,2016-06-29
232,영등포구,2016-06-29
233,영등포구,2016-06-29
234,영등포구,2016-06-29
235,영등포구,2016-06-29
236,영등포구,2016-06-29
238,영등포구,2016-06-29
239,영등포구,2016-06-29
240,영등포구,2016-06-29
241,영등포구,2016-06-29
242,영등포구,2016-06-29
243,영등포구,2016-06-29
244,영등포구,2016-06-29
245,영등포구,2016-06-29
247,영등포구,2016-06-29
248,영등포구,2016-06-29
249,영등포구,2016-06-29
250,영등포구,2016-06-29
251,영등포구,2016-06-29
252,영등포구,2016-06-29
253,영등포구,2016-06-29
254,영등포구,2016-06-29
255,영등포구,2016-06-29
256,영등포구,2016-06-29
257,영등포구,2016-06-29
258,영등포구,2016-06-29
259,영등포구,2016-06-29
260,영등포구,2016-07-06
262,영등포구,2016-07-06
263,영등포구,2016-07-06
264,영등포구,2016-07-06
265,영등포구,2016-07-06
266,영등포구,2016-07-06
267,영등포구,2016-07-06
268,영등포구,2016-07-06
270,영등포구,2016-07-06
271,영등포구,2016-07-06
272,영등포구,2016-07-06
274,영등포구,2017-11-28
275,영등포구,2017-11-28
276,영등포구,2017-11-28
277,영등포구,2017-11-28
278,영등포구,2017-11-28
279,영등포구,2017-12-22
280,영등포구,2018-09-28
281,영등포구,2018-09-28
282,영등포구,2018-09-28
283,영등포구,2018-09-28
284,영등포구,2018-09-28
285,영등포구,2018-09-28
286,영등포구,2018-09-28
287,영등포구,2018-09-28
288,영등포구,2018-12-06
289,영등포구,2018-11-21
290,영등포구,2018-12-04
291,영등포구,2018-11-21
292,영등포구,2018-11-21
293,영등포구,2018-12-04
295,영등포구,2020-03-04
296,영등포구,2020-03-05
297,영등포구,2020-03-06
298,영등포구,2020-03-05
299,영등포구,2020-03-06
3201,영등포구,2020-03-05
3202,영등포구,2020-03-05
3203,영등포구,2020-03-04
3204,영등포구,2020-03-16
3205,영등포구,2020-03-04
3206,영등포구,2020-03-04
3207,영등포구,2020-03-05
3211,영등포구,2020-03-04
3212,영등포구,2020-03-03
3214,영등포구,2020-03-04
3215,영등포구,2020-03-05
3219,영등포구,2020-03-04
3220,영등포구,2020-03-03
3221,영등포구,2020-03-04
4556,영등포구,2020-12-22
4557,영등포구,2020-12-22
2002,동작구,2017-05-12
2003,동작구,2017-06-22
2007,동작구,2017-05-12
2008,동작구,2017-05-12
2009,동작구,2017-05-26
2012,동작구,2017-05-26
2013,동작구,2017-05-12
2015,동작구,2017-05-26
2016,동작구,2017-05-12
2020,동작구,2017-05-12
2024,동작구,2017-05-12
2025,동작구,2017-05-12
2026,동작구,2017-07-05
2027,동작구,2017-05-12
2032,동작구,2017-06-27
2033,동작구,2017-05-26
2034,동작구,2017-06-27
2036,동작구,2017-05-12
2037,동작구,2017-05-12
2038,동작구,2017-05-12
2040,동작구,2017-05-12
2041,동작구,2017-05-26
2048,동작구,2017-05-26
2050,동작구,2017-05-12
2054,동작구,2017-05-12
2056,동작구,2017-05-26
2057,동작구,2017-05-12
2058,동작구,2017-11-01
2059,동작구,2017-11-01
2060,동작구,2017-11-01
2061,동작구,2018-07-04
2062,동작구,2017-11-01
2063,동작구,2017-12-22
2064,동작구,2017-12-22
2065,동작구,2017-12-22
2066,동작구,2018-10-02
2067,동작구,2018-10-11
2068,동작구,2018-10-11
2069,동작구,2018-10-30
2070,동작구,2018-10-12
2071,동작구,2019-03-26
237,동작구,2016-06-29
2076,동작구,2020-04-24
2077,동작구,2020-04-23
2078,동작구,2020-04-22
2079,동작구,2020-04-22
2080,동작구,2020-04-23
2081,동작구,2020-04-23
2082,동작구,2020-04-26
2083,동작구,2020-04-22
2084,동작구,2020-04-24
2085,동작구,2020-04-23
2086,동작구,2020-04-26
2088,동작구,2020-04-24
2089,동작구,2020-04-26
2090,동작구,2020-04-26
2091,동작구,2020-04-26
2092,동작구,2020-04-24
2093,동작구,2020-05-12
2094,동작구,2020-04-24
2095,동작구,2020-04-24
2096,동작구,2020-04-30
2102,관악구,2017-05-12
2103,관악구,2017-05-12
2104,관악구,2017-05-26
2105,관악구,2017-05-12
2106,관악구,2017-05-12
2107,관악구,2017-05-26
2108,관악구,2017-05-26
2109,관악구,2017-06-22
2110,관악구,2017-08-21
2111,관악구,2017-08-24
2112,관악구,2017-05-26
2113,관악구,2017-07-11
2115,관악구,2017-06-22
2116,관악구,2017-05-26
2119,관악구,2017-06-22
2122,관악구,2017-05-26
2127,관악구,2017-05-12
2128,관악구,2017-05-26
2129,관악구,2017-05-26
2130,관악구,2017-05-26
2135,관악구,2017-05-12
2136,관악구,2017-09-01
2137,관악구,2017-05-26
2139,관악구,2017-08-21
2140,관악구,2020-10-29
2141,관악구,2017-06-22
2143,관악구,2017-06-22
2144,관악구,2017-05-12
2145,관악구,2017-05-26
2148,관악구,2017-06-22
2156,관악구,2017-08-21
2159,관악구,2017-11-01
2164,관악구,2017-11-28
2165,관악구,2017-11-28
2167,관악구,2017-11-28
2169,관악구,2017-11-28
2170,관악구,2017-11-28
2171,관악구,2017-11-28
2172,관악구,2017-11-28
2173,관악구,2017-11-28
2174,관악구,2017-11-28
2175,관악구,2017-11-28
2176,관악구,2017-12-22
2177,관악구,2018-09-12
2178,관악구,2018-10-11
2179,관악구,2018-11-02
2183,관악구,2018-12-14
2184,관악구,2018-11-22
2185,관악구,2019-09-26
2186,관악구,2020-04-29
2187,관악구,2020-04-27
2189,관악구,2020-04-29
2190,관악구,2020-04-30
2191,관악구,2020-04-28
2195,관악구,2020-04-27
2196,관악구,2020-04-28
2198,관악구,2020-04-30
2199,관악구,2020-04-30
2200,관악구,2020-04-28
3304,관악구,2020-04-29
3305,관악구,2020-04-29
3306,관악구,2020-04-28
3307,관악구,2020-04-26
3310,관악구,2020-04-28
3311,관악구,2020-04-30
3802,관악구,2020-08-17
2201,서초구,2017-06-01
2202,서초구,2017-06-01
2203,서초구,2017-06-27
2205,서초구,2017-06-01
2206,서초구,2017-06-01
2207,서초구,2017-06-27
2210,서초구,2017-06-01
2211,서초구,2017-06-27
2212,서초구,2017-06-01
2213,서초구,2017-06-01
2214,서초구,2017-06-01
2215,서초구,2017-06-27
2217,서초구,2017-06-01
2219,서초구,2017-06-01
2220,서초구,2017-06-01
2221,서초구,2017-06-01
2222,서초구,2017-06-01
2223,서초구,2017-06-01
2225,서초구,2017-06-01
2226,서초구,2017-06-01
2227,서초구,2017-06-01
2228,서초구,2017-06-01
2229,서초구,2017-06-01
2230,서초구,2017-06-01
2231,서초구,2017-06-01
2233,서초구,2017-06-01
2235,서초구,2017-06-01
2237,서초구,2017-06-01
2239,서초구,2017-06-01
2241,서초구,2017-06-01
2242,서초구,2017-06-01
2243,서초구,2017-06-01
2244,서초구,2020-09-24
2245,서초구,2017-06-01
2246,서초구,2017-06-24
2247,서초구,2017-06-01
2248,서초구,2017-06-27
2249,서초구,2017-06-22
2250,서초구,2017-06-22
2251,서초구,2017-06-13
2252,서초구,2017-06-24
2255,서초구,2017-06-01
2256,서초구,2017-06-01
2257,서초구,2017-06-01
2258,서초구,2017-06-01
2259,서초구,2017-06-13
2262,서초구,2017-06-01
2263,서초구,2017-06-22
2264,서초구,2017-06-22
2265,서초구,2017-08-09
2266,서초구,2017-11-01
2268,서초구,2017-11-01
2269,서초구,2017-11-01
2270,서초구,2017-11-01
2271,서초구,2017-11-01
2272,서초구,2017-11-01
2273,서초구,2017-11-01
2274,서초구,2017-11-01
2275,서초구,2017-11-01
2276,서초구,2017-11-01
2277,서초구,2017-11-01
2279,서초구,2017-11-28
2280,서초구,2018-09-20
2281,서초구,2017-11-28
2282,서초구,2017-11-28
2283,서초구,2017-11-28
2284,서초구,2017-11-28
2285,서초구,2017-11-28
2286,서초구,2017-11-28
2287,서초구,2017-11-28
2288,서초구,2017-11-28
2289,서초구,2017-11-28
2292,서초구,2017-12-22
2293,서초구,2017-12-22
2294,서초구,2017-12-22
2297,서초구,2018-02-26
2298,서초구,2018-02-26
2299,서초구,2018-10-17
2501,서초구,2018-09-03
2502,서초구,2018-10-02
2503,서초구,2018-10-02
2504,서초구,2018-10-30
2505,서초구,2018-09-18
2506,서초구,2018-09-18
2508,서초구,2018-09-18
2509,서초구,2018-09-18
2510,서초구,2019-03-26
2511,서초구,2019-03-14
2514,서초구,2020-02-20
2515,서초구,2020-02-20
2516,서초구,2020-02-19
2517,서초구,2020-02-19
2518,서초구,2020-02-19
2519,서초구,2020-02-20
2520,서초구,2020-02-20
2521,서초구,2020-02-20
2523,서초구,2020-02-21
2524,서초구,2020-02-21
2525,서초구,2020-02-21
2526,서초구,2020-02-21
2527,서초구,2020-02-21
2528,서초구,2020-02-23
2529,서초구,2020-02-23
2530,서초구,2020-02-23
2531,서초구,2020-02-23
2532,서초구,2020-02-19
2533,서초구,2020-02-19
2534,서초구,2020-02-19
2535,서초구,2020-02-21
2536,서초구,2020-02-19
2537,서초구,2020-02-20
2538,서초구,2020-02-20
2539,서초구,2020-02-19
2540,서초구,2020-02-21
2541,서초구,2020-02-19
2542,서초구,2020-02-14
2543,서초구,2020-02-23
2545,서초구,2020-02-21
2547,서초구,2020-05-28
2548,서초구,2020-06-15
2549,서초구,2020-06-15
2550,서초구,2020-06-15
2301,강남구,2017-06-13
2302,강남구,2017-06-13
2303,강남구,2017-06-13
2304,강남구,2017-06-13
2305,강남구,2017-06-13
2306,강남구,2017-06-13
2307,강남구,2017-06-13
2308,강남구,2017-06-13
2309,강남구,2017-06-13
2310,강남구,2017-06-13
2311,강남구,2017-06-13
2312,강남구,2017-06-13
2313,강남구,2017-06-13
2314,강남구,2017-06-13
2315,강남구,2017-06-13
2316,강남구,2017-06-13
2317,강남구,2017-06-13
2318,강남구,2017-06-13
2319,강남구,2017-06-13
2320,강남구,2017-06-13
2321,강남구,2017-06-13
2322,강남구,2017-06-13
2323,강남구,2017-06-13
2324,강남구,2017-06-13
2325,강남구,2017-06-13
2326,강남구,2017-06-13
2327,강남구,2017-06-13
2328,강남구,2017-06-13
2329,강남구,2017-06-13
2330,강남구,2017-06-13
2331,강남구,2017-06-13
2332,강남구,2017-06-13
2333,강남구,2017-06-13
2334,강남구,2017-06-13
2335,강남구,2017-06-13
2336,강남구,2017-06-13
2337,강남구,2017-06-13
2339,강남구,2017-06-13
2340,강남구,2017-06-13
2341,강남구,2017-06-13
2342,강남구,2017-06-13
2343,강남구,2017-06-13
2344,강남구,2017-06-13
2347,강남구,2017-08-22
2348,강남구,2020-11-24
2349,강남구,2017-08-21
2350,강남구,2017-08-21
2351,강남구,2017-08-01
2352,강남구,2017-08-22
2353,강남구,2017-08-22
2354,강남구,2017-08-21
2355,강남구,2017-08-21
2356,강남구,2017-08-21
2357,강남구,2017-08-25
2358,강남구,2017-08-21
2359,강남구,2017-08-21
2360,강남구,2017-08-21
2361,강남구,2017-11-01
2362,강남구,2017-11-01
2363,강남구,2017-11-01
2364,강남구,2017-11-01
2365,강남구,2017-11-01
2368,강남구,2017-11-01
2369,강남구,2017-11-01
2370,강남구,2017-11-01
2371,강남구,2017-11-01
2372,강남구,2017-11-01
2373,강남구,2017-11-01
2375,강남구,2017-11-01
2376,강남구,2017-11-01
2377,강남구,2017-11-01
2380,강남구,2017-11-28
2381,강남구,2017-11-28
2382,강남구,2017-11-28
2383,강남구,2017-11-28
2384,강남구,2017-12-22
2385,강남구,2017-12-22
2386,강남구,2020-08-10
2387,강남구,2018-02-26
2388,강남구,2018-07-04
2389,강남구,2018-11-04
2390,강남구,2018-10-08
2391,강남구,2018-10-08
2392,강남구,2018-10-08
2393,강남구,2018-10-08
2394,강남구,2020-12-04
2395,강남구,2018-10-08
2396,강남구,2018-10-08
2398,강남구,2018-10-30
2401,강남구,2018-09-14
2403,강남구,2018-10-08
2404,강남구,2018-10-08
2405,강남구,2018-10-08
2406,강남구,2018-11-04
2407,강남구,2018-09-18
2408,강남구,2018-10-02
2409,강남구,2018-11-14
2410,강남구,2020-12-31
2411,강남구,2019-02-25
2412,강남구,2018-11-14
2413,강남구,2020-02-18
2414,강남구,2020-02-18
2415,강남구,2020-02-14
2416,강남구,2020-02-14
2417,강남구,2020-02-14
2418,강남구,2020-02-14
2419,강남구,2020-02-14
2420,강남구,2020-02-18
2421,강남구,2020-02-14
2422,강남구,2020-02-18
2423,강남구,2020-02-18
2425,강남구,2020-02-18
2426,강남구,2020-02-18
2427,강남구,2020-02-18
2428,강남구,2020-02-18
2429,강남구,2020-02-14
2430,강남구,2020-02-14
2431,강남구,2020-02-18
1201,송파구,2017-06-22
1203,송파구,2017-05-26
1204,송파구,2017-06-28
1205,송파구,2017-04-24
1206,송파구,2017-04-24
1207,송파구,2017-05-26
1208,송파구,2017-04-24
1209,송파구,2017-04-24
1210,송파구,2017-06-27
1211,송파구,2017-05-26
1212,송파구,2017-06-22
1213,송파구,2017-04-24
1214,송파구,2017-05-26
1215,송파구,2017-04-24
1217,송파구,2017-04-24
1218,송파구,2017-06-27
1220,송파구,2017-04-24
1221,송파구,2017-07-11
1222,송파구,2017-04-24
1224,송파구,2017-04-24
1226,송파구,2017-06-27
1227,송파구,2017-06-27
1228,송파구,2017-06-27
1229,송파구,2017-04-24
1230,송파구,2017-06-27
1231,송파구,2017-06-22
1232,송파구,2017-06-22
1233,송파구,2017-04-24
1235,송파구,2017-04-24
1239,송파구,2017-06-27
1240,송파구,2017-06-27
1241,송파구,2017-06-27
1242,송파구,2017-06-27
1243,송파구,2017-06-27
1244,송파구,2017-06-27
1245,송파구,2017-06-27
1246,송파구,2017-06-27
1247,송파구,2017-06-27
1248,송파구,2017-06-27
1249,송파구,2017-06-27
1250,송파구,2017-10-18
1251,송파구,2017-11-01
1253,송파구,2017-11-01
1256,송파구,2017-11-01
1257,송파구,2017-11-01
1258,송파구,2017-11-01
1259,송파구,2017-11-01
1260,송파구,2017-11-01
1262,송파구,2017-11-01
1263,송파구,2017-11-01
1264,송파구,2017-11-01
1265,송파구,2017-11-01
1266,송파구,2017-11-01
1267,송파구,2020-06-25
1268,송파구,2020-06-25
1269,송파구,2017-11-01
1271,송파구,2017-11-01
1274,송파구,2017-11-01
1275,송파구,2017-12-22
1277,송파구,2018-02-26
1278,송파구,2018-02-26
1279,송파구,2018-02-26
1280,송파구,2018-02-26
1282,송파구,2018-02-26
1283,송파구,2018-02-26
1285,송파구,2018-02-26
1286,송파구,2018-02-26
1287,송파구,2018-02-26
1288,송파구,2018-02-26
1289,송파구,2018-02-26
1290,송파구,2018-09-14
1291,송파구,2018-09-07
1293,송파구,2018-09-12
1295,송파구,2018-09-07
1296,송파구,2018-11-05
1297,송파구,2018-09-07
1299,송파구,2018-09-11
1300,송파구,2018-10-25
2601,송파구,2018-09-12
2603,송파구,2018-09-14
2604,송파구,2018-09-14
2605,송파구,2018-09-14
2606,송파구,2018-09-14
2607,송파구,2018-11-05
2608,송파구,2018-11-12
2609,송파구,2018-11-14
2610,송파구,2018-11-14
2611,송파구,2018-11-14
2612,송파구,2018-11-14
2613,송파구,2018-11-14
2614,송파구,2018-11-14
2615,송파구,2018-11-14
2616,송파구,2018-11-27
2617,송파구,2018-11-27
2618,송파구,2018-12-03
2619,송파구,2018-11-14
2620,송파구,2018-11-14
2621,송파구,2018-11-14
2622,송파구,2018-11-14
2623,송파구,2020-01-17
2625,송파구,2020-01-20
2626,송파구,2020-01-20
2627,송파구,2020-01-20
2628,송파구,2020-01-20
2629,송파구,2020-01-20
2630,송파구,2020-01-21
2631,송파구,2020-01-17
2632,송파구,2020-01-17
2633,송파구,2020-01-21
2634,송파구,2020-01-21
2635,송파구,2020-01-16
2637,송파구,2020-01-16
2638,송파구,2020-05-13
2639,송파구,2020-01-17
2641,송파구,2020-01-20
2642,송파구,2020-01-15
2643,송파구,2020-01-21
2644,송파구,2020-01-15
2645,송파구,2020-01-16
2646,송파구,2020-01-16
2647,송파구,2020-01-16
2648,송파구,2020-01-17
2649,송파구,2020-01-15
2650,송파구,2020-01-21
2651,송파구,2020-01-20
2652,송파구,2020-01-15
2653,송파구,2020-01-15
2654,송파구,2020-01-16
2655,송파구,2020-01-17
2656,송파구,2020-06-08
2657,송파구,2020-06-04
2658,송파구,2020-06-04
2659,송파구,2020-06-04
1001,강동구,2017-04-19
1002,강동구,2017-04-19
1003,강동구,2017-04-19
1004,강동구,2017-04-19
1006,강동구,2017-04-19
1007,강동구,2017-04-19
1008,강동구,2017-04-19
1009,강동구,2017-04-19
1010,강동구,2017-04-19
1011,강동구,2017-04-19
1012,강동구,2017-04-19
1013,강동구,2017-04-19
1014,강동구,2017-04-19
1015,강동구,2017-04-19
1016,강동구,2017-04-19
1017,강동구,2017-04-19
1018,강동구,2020-09-24
1019,강동구,2017-04-19
1020,강동구,2017-04-19
1021,강동구,2017-04-19
1022,강동구,2017-04-19
1023,강동구,2017-11-01
1024,강동구,2017-11-01
1025,강동구,2017-11-01
1026,강동구,2017-11-01
1027,강동구,2017-11-01
1028,강동구,2017-11-01
1029,강동구,2017-11-01
1030,강동구,2017-11-01
1031,강동구,2017-11-01
1032,강동구,2017-11-01
1033,강동구,2017-11-01
1034,강동구,2017-11-01
1035,강동구,2017-11-01
1036,강동구,2017-11-01
1037,강동구,2017-11-01
1038,강동구,2017-11-01
1039,강동구,2017-11-01
1041,강동구,2017-11-01
1042,강동구,2017-11-01
1044,강동구,2017-11-01
1047,강동구,2018-01-16
1048,강동구,2018-01-16
1049,강동구,2018-01-16
1050,강동구,2018-02-26
1051,강동구,2018-02-26
1052,강동구,2018-09-03
1053,강동구,2018-09-03
1054,강동구,2018-09-03
1056,강동구,2018-09-07
1057,강동구,2018-09-10
1058,강동구,2018-09-10
1059,강동구,2018-10-25
1060,강동구,2018-09-11
1061,강동구,2018-09-10
1062,강동구,2018-09-10
3539,강동구,2018-11-14
1063,강동구,2020-01-13
1064,강동구,2020-01-09
1065,강동구,2020-01-09
1066,강동구,2020-01-09
1067,강동구,2020-01-15
1068,강동구,2020-01-14
1069,강동구,2020-01-15
1070,강동구,2020-01-14
1071,강동구,2020-01-13
1072,강동구,2020-01-13
1073,강동구,2020-01-10
1074,강동구,2020-01-10
1075,강동구,2020-01-10
1076,강동구,2020-01-10
1077,강동구,2020-01-09
1078,강동구,2020-01-14
1079,강동구,2020-01-13
1080,강동구,2020-01-09
1081,강동구,2020-01-09
1082,강동구,2020-01-10
1083,강동구,2020-01-13
1084,강동구,2020-01-08
1085,강동구,2020-01-13
1086,강동구,2020-01-10
1088,강동구,2020-01-14
1089,강동구,2020-01-13
1090,강동구,2020-01-13
